customerID,CustomerName,City,State,Region,Postalcode,Segment
CG-12520,Claire Gute,Henderson,Kentucky,South,42420,Consumer
DV-13045,Darrin Van Huff,Los Angeles,California,West,90036,Corporate
SO-20335,Sean O'Donnell,Fort Lauderdale,Florida,South,33311,Consumer
BH-11710,Brosina Hoffman,Los Angeles,California,West,90032,Consumer
AA-10480,Andrew Allen,Concord,North Carolina,South,28027,Consumer
IM-15070,Irene Maddox,Seattle,Washington,West,98103,Consumer
HP-14815,Harold Pawlan,Fort Worth,Texas,Central,76106,Home Office
PK-19075,Pete Kriz,Madison,Wisconsin,Central,53711,Consumer
AG-10270,Alejandro Grove,West Jordan,Utah,West,84084,Consumer
ZD-21925,Zuschuss Donatelli,San Francisco,California,West,94109,Consumer
KB-16585,Ken Black,Fremont,Nebraska,Central,68025,Corporate
SF-20065,Sandra Flanagan,Philadelphia,Pennsylvania,East,19140,Consumer
EB-13870,Emily Burns,Orem,Utah,West,84057,Consumer
EH-13945,Eric Hoffmann,Los Angeles,California,West,90049,Consumer
TB-21520,Tracy Blumstein,Philadelphia,Pennsylvania,East,19140,Consumer
MA-17560,Matt Abelman,Houston,Texas,Central,77095,Home Office
GH-14485,Gene Hale,Richardson,Texas,Central,75080,Corporate
SN-20710,Steve Nguyen,Houston,Texas,Central,77041,Home Office
LC-16930,Linda Cazamias,Naperville,Illinois,Central,60540,Corporate
RA-19885,Ruben Ausman,Los Angeles,California,West,90049,Corporate
ES-14080,Erin Smith,Melbourne,Florida,South,32935,Corporate
ON-18715,Odella Nelson,Eagan,Minnesota,Central,55122,Corporate
PO-18865,Patrick O'Donnell,Westland,Michigan,Central,48185,Consumer
LH-16900,Lena Hernandez,Dover,Delaware,East,19901,Consumer
DP-13000,Darren Powers,New Albany,Indiana,Central,47150,Consumer
JM-15265,Janet Molinari,New York City,New York,East,10024,Corporate
TB-21055,Ted Butterfield,Troy,New York,East,12180,Consumer
KM-16720,Kunst Miller,Los Angeles,California,West,90004,Consumer
PS-18970,Paul Stevenson,Chicago,Illinois,Central,60610,Home Office
BS-11590,Brendan Sweed,Gilbert,Arizona,West,85234,Corporate
KD-16270,Karen Daniels,Springfield,Virginia,South,22153,Consumer
HM-14980,Henry MacAllister,New York City,New York,East,10009,Consumer
JE-15745,Joel Eaton,Memphis,Tennessee,South,38109,Consumer
KB-16600,Ken Brennan,Houston,Texas,Central,77041,Corporate
SC-20770,Stewart Carmichael,Decatur,Alabama,South,35601,Corporate
DN-13690,Duane Noonan,San Francisco,California,West,94122,Consumer
JC-16105,Julie Creighton,Durham,North Carolina,South,27707,Corporate
CS-12400,Christopher Schild,Chicago,Illinois,Central,60623,Home Office
PG-18895,Paul Gonzalez,Rochester,Minnesota,Central,55901,Consumer
GM-14455,Gary Mitchum,Houston,Texas,Central,77095,Home Office
JS-15685,Jim Sink,Los Angeles,California,West,90036,Corporate
KB-16315,Karl Braun,Minneapolis,Minnesota,Central,55407,Consumer
RB-19705,Roger Barcio,Portland,Oregon,West,97206,Home Office
PN-18775,Parhena Norris,New York City,New York,East,10009,Home Office
KD-16345,Katherine Ducich,San Francisco,California,West,94122,Consumer
ER-13855,Elpida Rittenbach,Saint Paul,Minnesota,Central,55106,Corporate
RB-19465,Rick Bensley,Chicago,Illinois,Central,60610,Home Office
GZ-14470,Gary Zandusky,Rochester,Minnesota,Central,55901,Consumer
LC-16870,Lena Cacioppo,Aurora,Colorado,West,80013,Consumer
JM-15250,Janet Martin,Charlotte,North Carolina,South,28205,Consumer
PA-19060,Pete Armstrong,Orland Park,Illinois,Central,60462,Home Office
CV-12805,Cynthia Voltz,New York City,New York,East,10035,Corporate
CL-12565,Clay Ludtke,Urbandale,Iowa,Central,50322,Consumer
RC-19960,Ryan Crowe,Columbus,Ohio,East,43229,Consumer
DK-13090,Dave Kipp,Seattle,Washington,West,98103,Consumer
GG-14650,Greg Guthrie,Bristol,Tennessee,South,37620,Corporate
SC-20725,Steven Cartwright,Wilmington,Delaware,East,19805,Consumer
AD-10180,Alan Dominguez,Houston,Texas,Central,77041,Home Office
PF-19165,Philip Fox,Bloomington,Illinois,Central,61701,Consumer
TS-21610,Troy Staebel,Phoenix,Arizona,West,85023,Consumer
LS-16975,Lindsay Shagiari,Los Angeles,California,West,90004,Home Office
DW-13585,Dorothy Wardle,Columbus,Ohio,East,43229,Corporate
LC-16885,Lena Creighton,Roseville,California,West,95661,Consumer
JD-15895,Jonathan Doherty,Philadelphia,Pennsylvania,East,19140,Corporate
SH-19975,Sally Hughsby,San Francisco,California,West,94122,Corporate
SG-20080,Sandra Glassco,Independence,Missouri,Central,64055,Consumer
HA-14920,Helen Andreada,Pasadena,California,West,91104,Consumer
MG-17680,Maureen Gastineau,Newark,Ohio,East,43055,Home Office
JE-16165,Justin Ellison,Franklin,Wisconsin,Central,53132,Corporate
TW-21025,Tamara Willingham,Scottsdale,Arizona,West,85254,Home Office
SP-20650,Stephanie Phelps,San Jose,California,West,95123,Corporate
NK-18490,Neil Knudson,Seattle,Washington,West,98105,Home Office
DB-13060,Dave Brooks,Seattle,Washington,West,98115,Consumer
NP-18670,Nora Paige,Edmond,Oklahoma,Central,73034,Consumer
TT-21070,Ted Trevino,Los Angeles,California,West,90045,Consumer
EM-13960,Eric Murdock,Philadelphia,Pennsylvania,East,19134,Consumer
RD-19900,Ruben Dartt,Carlsbad,New Mexico,West,88220,Consumer
MJ-17740,Max Jones,Seattle,Washington,West,98115,Consumer
BM-11140,Becky Martin,San Antonio,Texas,Central,78207,Consumer
CS-12130,Chad Sievert,Los Angeles,California,West,90004,Consumer
JB-15400,Jennifer Braxton,Chicago,Illinois,Central,60623,Corporate
SJ-20500,Shirley Jackson,Houston,Texas,Central,77036,Consumer
JK-15640,Jim Kriz,New York City,New York,East,10009,Home Office
DK-13150,David Kendrick,Decatur,Illinois,Central,62521,Corporate
RM-19675,Robert Marley,Monroe,Louisiana,South,71203,Home Office
SK-19990,Sally Knutson,Fairfield,Connecticut,East,6824,Consumer
FM-14290,Frank Merwin,Los Angeles,California,West,90032,Home Office
AM-10360,Alice McCarthy,Grand Prairie,Texas,Central,75051,Corporate
MP-17470,Mark Packer,New York City,New York,East,10035,Home Office
MZ-17515,Mary Zewe,Redlands,California,West,92374,Corporate
CB-12025,Cassandra Brandow,Hamilton,Ohio,East,45011,Consumer
VM-21685,Valerie Mitchum,Westfield,New Jersey,East,7090,Home Office
FH-14365,Fred Hopkins,Philadelphia,Pennsylvania,East,19120,Corporate
MB-17305,Maria Bertelson,Akron,Ohio,East,44312,Consumer
BS-11755,Bruce Stewart,Denver,Colorado,West,80219,Consumer
LC-17140,Logan Currie,Dallas,Texas,Central,75220,Consumer
HK-14890,Heather Kirkland,Franklin,Tennessee,South,37064,Corporate
LE-16810,Laurel Elliston,Whittier,California,West,90604,Consumer
JH-15985,Joseph Holt,Saginaw,Michigan,Central,48601,Consumer
MS-17980,Michael Stewart,Dallas,Texas,Central,75220,Corporate
VW-21775,Victoria Wilson,Medina,Ohio,East,44256,Corporate
JH-15910,Jonathan Howell,Los Angeles,California,West,90032,Consumer
JB-15925,Joni Blumstein,Dublin,Ohio,East,43017,Consumer
DS-13180,David Smith,Detroit,Michigan,Central,48227,Corporate
VD-21670,Valerie Dominguez,Columbia,Tennessee,South,38401,Consumer
EA-14035,Erin Ashbrook,Charlotte,North Carolina,South,28205,Corporate
DB-13120,David Bremer,Santa Clara,California,West,95051,Corporate
KL-16645,Ken Lonsdale,Chicago,Illinois,Central,60610,Consumer
DW-13480,Dianna Wilson,Lakeville,Minnesota,Central,55044,Home Office
LH-17155,Logan Haushalter,San Francisco,California,West,94109,Consumer
KC-16540,Kelly Collister,San Diego,California,West,92037,Consumer
DL-13315,Delfina Latchford,New York City,New York,East,10024,Consumer
DR-12880,Dan Reichenbach,Chicago,Illinois,Central,60623,Corporate
CC-12670,Craig Carreira,New York City,New York,East,10009,Consumer
Dl-13600,Dorris liebe,Pasadena,Texas,Central,77506,Corporate
SB-20290,Sean Braxton,Houston,Texas,Central,77036,Corporate
RC-19825,Roy Collins,Chicago,Illinois,Central,60610,Consumer
AH-10210,Alan Hwang,Brentwood,California,West,94513,Consumer
CB-12535,Claudia Bergmann,Chapel Hill,North Carolina,South,27514,Corporate
CA-12310,Christine Abelman,Cincinnati,Ohio,East,45231,Corporate
KH-16690,Kristen Hastings,San Francisco,California,West,94110,Corporate
BB-10990,Barry Blumstein,Inglewood,California,West,90301,Corporate
AG-10495,Andrew Gjertsen,Philadelphia,Pennsylvania,East,19140,Corporate
JO-15280,Jas O'Carroll,Los Angeles,California,West,90004,Consumer
AH-10195,Alan Haines,Tamarac,Florida,South,33319,Corporate
NZ-18565,Nick Zandusky,Columbus,Ohio,East,43229,Home Office
KL-16555,Kelly Lampkin,Colorado Springs,Colorado,West,80906,Corporate
AS-10225,Alan Schoenberger,New York City,New York,East,10024,Corporate
CR-12625,Corey Roper,Lakewood,New Jersey,East,8701,Home Office
SH-20395,Shahid Hopkins,Arlington,Virginia,South,22204,Consumer
BP-11185,Ben Peterman,Arvada,Colorado,West,80004,Corporate
TS-21205,Thomas Seio,Hackensack,New Jersey,East,7601,Corporate
AG-10525,Andy Gerbode,Saint Petersburg,Florida,South,33710,Corporate
SP-20860,Sung Pak,Philadelphia,Pennsylvania,East,19143,Corporate
NM-18445,Nathan Mautz,New York City,New York,East,10024,Home Office
FA-14230,Frank Atkinson,Long Beach,California,West,90805,Corporate
GK-14620,Grace Kelly,Hesperia,California,West,92345,Corporate
DJ-13510,Don Jones,Murfreesboro,Tennessee,South,37130,Corporate
PO-18850,Patrick O'Brill,Philadelphia,Pennsylvania,East,19143,Consumer
JL-15850,John Lucas,Philadelphia,Pennsylvania,East,19134,Consumer
DB-13615,Doug Bickford,Los Angeles,California,West,90045,Consumer
AC-10420,Alyssa Crouse,San Francisco,California,West,94122,Corporate
CC-12550,Clay Cheatham,San Francisco,California,West,94122,Consumer
TD-20995,Tamara Dahlen,Lowell,Massachusetts,East,1852,Consumer
AB-10060,Adam Bellavance,New York City,New York,East,10009,Home Office
JL-15505,Jeremy Lonsdale,New York City,New York,East,10035,Consumer
VB-21745,Victoria Brennan,Columbus,Georgia,South,31907,Corporate
KW-16435,Katrina Willman,New York City,New York,East,10009,Consumer
JD-16060,Julia Dunbar,San Francisco,California,West,94109,Consumer
MK-17905,Michael Kennedy,Manchester,Connecticut,East,6040,Corporate
GT-14755,Guy Thornton,Harlingen,Texas,Central,78550,Consumer
AG-10900,Arthur Gainer,Tucson,Arizona,West,85705,Consumer
MM-18280,Muhammed MacIntyre,Quincy,Illinois,Central,62301,Corporate
AR-10405,Allen Rosenblatt,Franklin,Massachusetts,East,2038,Corporate
RA-19915,Russell Applegate,Houston,Texas,Central,77095,Consumer
AS-10285,Alejandro Savely,San Francisco,California,West,94109,Corporate
LA-16780,Laura Armstrong,Taylor,Michigan,Central,48180,Corporate
DO-13435,Denny Ordway,Pembroke Pines,Florida,South,33024,Consumer
DK-13225,Dean Katz,Philadelphia,Pennsylvania,East,19140,Corporate
NG-18430,Nathan Gelder,Cincinnati,Ohio,East,45231,Consumer
MV-18190,Mike Vittorini,New York City,New York,East,10009,Consumer
JG-15115,Jack Garza,Des Moines,Washington,West,98198,Consumer
BP-11095,Bart Pistole,Peoria,Illinois,Central,61604,Corporate
VP-21730,Victor Preis,Las Vegas,Nevada,West,89115,Home Office
SS-20140,Saphhira Shifley,Warwick,Rhode Island,East,2886,Corporate
AG-10675,Anna Gayman,Houston,Texas,Central,77036,Consumer
LF-17185,Luke Foster,Miami,Florida,South,33180,Consumer
RF-19840,Roy Französisch,New York City,New York,East,10024,Consumer
KH-16510,Keith Herrera,San Francisco,California,West,94110,Consumer
KC-16675,Kimberly Carter,Seattle,Washington,West,98105,Corporate
CJ-12010,Caroline Jumper,Huntington Beach,California,West,92646,Consumer
PB-19150,Philip Brown,Los Angeles,California,West,90004,Consumer
MP-17965,Michael Paige,Lawrence,Massachusetts,East,1841,Corporate
NF-18385,Natalie Fritzler,Jackson,Mississippi,South,39212,Consumer
SD-20485,Shirley Daniels,New Rochelle,New York,East,10801,Home Office
KH-16630,Ken Heidel,San Antonio,Texas,Central,78207,Corporate
RB-19795,Ross Baird,Gastonia,North Carolina,South,28052,Home Office
MK-18160,Mike Kennedy,Jacksonville,Florida,South,32216,Consumer
PO-19180,Philisse Overcash,Chicago,Illinois,Central,60623,Home Office
BB-11545,Brenda Bowman,Houston,Texas,Central,77070,Corporate
TB-21595,Troy Blackwell,Columbus,Indiana,Central,47201,Consumer
RB-19360,Raymond Buch,Auburn,New York,East,13021,Consumer
EB-13705,Ed Braxton,Akron,Ohio,East,44312,Corporate
SC-20095,Sanjit Chand,Concord,California,West,94521,Consumer
TN-21040,Tanja Norvell,Phoenix,Arizona,West,85023,Home Office
JS-15940,Joni Sundaresam,Park Ridge,Illinois,Central,60068,Home Office
MH-17785,Maya Herman,Lindenhurst,New York,East,11757,Corporate
JP-15520,Jeremy Pistek,San Francisco,California,West,94110,Consumer
JE-15475,Jeremy Ellison,Troy,New York,East,12180,Consumer
JG-15805,John Grady,New York City,New York,East,10024,Corporate
XP-21865,Xylona Preis,San Diego,California,West,92024,Consumer
EM-14065,Erin Mull,New York City,New York,East,10024,Consumer
MT-18070,Michelle Tran,Los Angeles,California,West,90045,Home Office
SA-20830,Sue Ann Reed,Chicago,Illinois,Central,60610,Consumer
CW-11905,Carl Weiss,Huntsville,Texas,Central,77340,Home Office
AJ-10960,Astrea Jones,Rochester,New York,East,14609,Consumer
SS-20590,Sonia Sunley,Seattle,Washington,West,98115,Consumer
RO-19780,Rose O'Brian,Memphis,Tennessee,South,38109,Consumer
MD-17350,Maribeth Dona,Fayetteville,Arkansas,South,72701,Consumer
MY-17380,Maribeth Yedwab,Parker,Colorado,West,80134,Corporate
CM-12385,Christopher Martinez,Atlanta,Georgia,South,30318,Consumer
LS-17245,Lynn Smith,Gladstone,Missouri,Central,64118,Consumer
BN-11515,Bradley Nguyen,Los Angeles,California,West,90049,Consumer
DB-13210,Dean Braden,Houston,Texas,Central,77041,Consumer
MC-17605,Matt Connell,Detroit,Michigan,Central,48234,Corporate
BD-11605,Brian Dahlen,Lawrence,Massachusetts,East,1841,Consumer
PH-18790,Patricia Hirasaki,Lakeland,Florida,South,33801,Home Office
MG-18145,Mike Gockenbach,Philadelphia,Pennsylvania,East,19134,Consumer
KB-16240,Karen Bern,Los Angeles,California,West,90036,Corporate
JC-15340,Jasper Cacioppo,Los Angeles,California,West,90032,Consumer
RL-19615,Rob Lucas,Montgomery,Alabama,South,36116,Consumer
AA-10375,Allen Armold,Mesa,Arizona,West,85204,Consumer
EP-13915,Emily Phan,Chicago,Illinois,Central,60653,Consumer
DK-12985,Darren Koutras,Henderson,Kentucky,South,42420,Consumer
BD-11500,Bradley Drucker,Green Bay,Wisconsin,Central,54302,Consumer
LM-17065,Liz MacKendrick,Springfield,Ohio,East,45503,Consumer
AS-10135,Adrian Shami,New York City,New York,East,10035,Home Office
BD-11320,Bill Donatelli,San Francisco,California,West,94110,Consumer
GT-14710,Greg Tran,Houston,Texas,Central,77070,Consumer
AJ-10945,Ashley Jarboe,Wilmington,North Carolina,South,28403,Consumer
OT-18730,Olvera Toch,Los Angeles,California,West,90045,Consumer
LP-17080,Liz Pelletier,San Francisco,California,West,94110,Consumer
CA-12775,Cynthia Arntzen,Tampa,Florida,South,33614,Consumer
JF-15490,Jeremy Farry,Seattle,Washington,West,98105,Consumer
FP-14320,Frank Preis,Los Angeles,California,West,90008,Consumer
EB-13840,Ellis Ballard,Seattle,Washington,West,98105,Corporate
JF-15415,Jennifer Ferguson,New York City,New York,East,10024,Consumer
SF-20200,Sarah Foster,Marysville,Washington,West,98270,Consumer
TG-21640,Trudy Glocke,Long Beach,California,West,90805,Consumer
CS-11950,Carlos Soltero,Chicago,Illinois,Central,60610,Consumer
CC-12145,Charles Crestani,Los Angeles,California,West,90004,Consumer
DV-13465,Dianna Vittorini,Denver,Colorado,West,80219,Consumer
BD-11725,Bruce Degenhardt,Richmond,Kentucky,South,40475,Consumer
ZC-21910,Zuschuss Carroll,Salem,Oregon,West,97301,Consumer
MS-17830,Melanie Seite,Laredo,Texas,Central,78041,Consumer
LR-16915,Lena Radford,San Diego,California,West,92024,Consumer
TP-21130,Theone Pippenger,Philadelphia,Pennsylvania,East,19134,Consumer
CK-12205,Chloris Kastensmidt,Philadelphia,Pennsylvania,East,19120,Consumer
AS-10240,Alan Shonely,Tampa,Florida,South,33614,Consumer
AR-10510,Andrew Roberts,Philadelphia,Pennsylvania,East,19134,Consumer
NB-18655,Nona Balk,Dallas,Texas,Central,75217,Corporate
GD-14590,Giulietta Dortch,Philadelphia,Pennsylvania,East,19143,Corporate
CK-12595,Clytie Kelty,Grove City,Ohio,East,43123,Consumer
NG-18355,Nat Gilpin,New York City,New York,East,10011,Corporate
CA-12265,Christina Anderson,Chicago,Illinois,Central,60610,Consumer
SF-20965,Sylvia Foulston,Dearborn,Michigan,Central,48126,Corporate
MO-17800,Meg O'Connel,New York City,New York,East,10009,Home Office
AT-10735,Annie Thurman,Seattle,Washington,West,98115,Consumer
FM-14380,Fred McMath,Aurora,Colorado,West,80013,Consumer
DJ-13420,Denny Joy,Warner Robins,Georgia,South,31088,Corporate
ME-17725,Max Engle,Aurora,Colorado,West,80013,Consumer
JD-16150,Justin Deggeller,Minneapolis,Minnesota,Central,55407,Corporate
JL-15835,John Lee,Mission Viejo,California,West,92691,Consumer
SC-20305,Sean Christensen,Rochester Hills,Michigan,Central,48307,Consumer
CC-12430,Chuck Clark,Columbus,Indiana,Central,47201,Home Office
AR-10825,Anthony Rawles,Vancouver,Washington,West,98661,Corporate
SR-20740,Steven Roelle,New York City,New York,East,10024,Home Office
CR-12730,Craig Reiter,Columbus,Ohio,East,43229,Consumer
EH-14125,Eugene Hildebrand,Aurora,Illinois,Central,60505,Home Office
SP-20545,Sibella Parks,New York City,New York,East,10011,Corporate
TH-21235,Tiffany House,Dallas,Texas,Central,75081,Corporate
RP-19390,Resi Pölking,Cleveland,Ohio,East,44105,Consumer
RB-19570,Rob Beeghly,Columbus,Indiana,Central,47201,Consumer
CD-11980,Carol Darley,Tyler,Texas,Central,75701,Consumer
DJ-13630,Doug Jacobs,New York City,New York,East,10024,Consumer
GT-14635,Grant Thornton,Burlington,North Carolina,South,27217,Corporate
MC-17845,Michael Chen,Jackson,Mississippi,South,39212,Consumer
RA-19285,Ralph Arnett,New York City,New York,East,10035,Consumer
NP-18325,Naresj Patel,Waynesboro,Virginia,South,22980,Consumer
AB-10165,Alan Barnes,Los Angeles,California,West,90036,Consumer
JO-15550,Jesus Ocampo,Chester,Pennsylvania,East,19013,Home Office
JK-15370,Jay Kimmel,Long Beach,California,West,90805,Consumer
BN-11470,Brad Norvell,Cary,North Carolina,South,27511,Corporate
DP-13165,David Philippe,New York City,New York,East,10035,Consumer
TH-21550,Tracy Hopkins,New York City,New York,East,10035,Home Office
AP-10915,Arthur Prichep,Palm Coast,Florida,South,32137,Consumer
RS-19765,Roland Schwarz,Mount Vernon,New York,East,10550,Corporate
SV-20365,Seth Vernon,Dover,Delaware,East,19901,Consumer
CK-12325,Christine Kargatis,Orem,Utah,West,84057,Home Office
RD-19810,Ross DeVincentis,Los Angeles,California,West,90045,Home Office
MR-17545,Mathew Reese,Philadelphia,Pennsylvania,East,19140,Home Office
SC-20695,Steve Chapman,Hialeah,Florida,South,33012,Corporate
JF-15355,Jay Fein,Austin,Texas,Central,78745,Consumer
EG-13900,Emily Grady,Oceanside,New York,East,11572,Consumer
DS-13030,Darrin Sayre,Seattle,Washington,West,98115,Home Office
PO-19195,Phillina Ober,Naperville,Illinois,Central,60540,Home Office
SS-20875,Sung Shariari,Dallas,Texas,Central,75220,Consumer
PB-19105,Peter Bühler,Evanston,Illinois,Central,60201,Consumer
RF-19735,Roland Fjeld,Trenton,Michigan,Central,48183,Consumer
YC-21895,Yoseph Carroll,San Francisco,California,West,94110,Corporate
DC-13285,Debra Catini,Cottage Grove,Minnesota,Central,55016,Consumer
CP-12340,Christine Phan,New York City,New York,East,10009,Corporate
BF-11020,Barry Französisch,Green Bay,Wisconsin,Central,54302,Corporate
LH-17020,Lisa Hazard,Columbus,Ohio,East,43229,Consumer
CS-12250,Chris Selesnick,Bossier City,Louisiana,South,71111,Corporate
AJ-10795,Anthony Johnson,Saint Petersburg,Florida,South,33710,Corporate
BV-11245,Benjamin Venier,Des Moines,Iowa,Central,50315,Corporate
DL-12865,Dan Lawera,Cincinnati,Ohio,East,45231,Consumer
BM-11785,Bryan Mills,Columbus,Ohio,East,43229,Consumer
LT-17110,Liz Thompson,Lancaster,California,West,93534,Consumer
JK-15730,Joe Kamberova,Asheville,North Carolina,South,28806,Consumer
ES-14020,Erica Smith,San Francisco,California,West,94110,Consumer
RH-19495,Rick Hansen,Rochester,Minnesota,Central,55901,Consumer
CD-11920,Carlos Daly,Lake Elsinore,California,West,92530,Consumer
HW-14935,Helen Wasserman,San Diego,California,West,92105,Corporate
MC-18130,Mike Caudle,Monroe,Louisiana,South,71203,Corporate
GM-14440,Gary McGarr,San Francisco,California,West,94122,Consumer
PJ-19015,Pauline Johnson,Santa Ana,California,West,92704,Consumer
BW-11110,Bart Watters,Milwaukee,Wisconsin,Central,53209,Corporate
TR-21325,Toby Ritter,Belleville,New Jersey,East,7109,Consumer
PG-18820,Patrick Gardner,San Francisco,California,West,94110,Consumer
JL-15175,James Lanier,Columbia,Tennessee,South,38401,Home Office
BM-11650,Brian Moss,New York City,New York,East,10035,Corporate
EM-14095,Eudokia Martin,Los Angeles,California,West,90036,Corporate
AF-10885,Art Foster,Louisville,Kentucky,South,40214,Consumer
GA-14725,Guy Armstrong,Lorain,Ohio,East,44052,Consumer
CK-12760,Cyma Kinney,Linden,New Jersey,East,7036,Corporate
DP-13105,Dave Poirier,Salinas,California,West,93905,Corporate
BK-11260,Berenike Kampe,New York City,New York,East,10035,Consumer
SJ-20125,Sanjit Jacobs,New Brunswick,New Jersey,East,8901,Home Office
CM-12445,Chuck Magee,San Francisco,California,West,94122,Consumer
AJ-10780,Anthony Jacobs,Springfield,Virginia,South,22153,Corporate
LS-16945,Linda Southworth,Philadelphia,Pennsylvania,East,19140,Corporate
GP-14740,Guy Phonely,Lancaster,Pennsylvania,East,17602,Corporate
PK-18910,Paul Knutson,Philadelphia,Pennsylvania,East,19143,Home Office
SM-20005,Sally Matthias,New York City,New York,East,10009,Consumer
AG-10765,Anthony Garverick,Philadelphia,Pennsylvania,East,19120,Home Office
PM-19135,Peter McVee,Detroit,Michigan,Central,48227,Home Office
LL-16840,Lauren Leatherbury,Rochester,New York,East,14609,Consumer
JS-15595,Jill Stevenson,Los Angeles,California,West,90045,Corporate
EL-13735,Ed Ludwig,Columbia,Maryland,East,21044,Home Office
PC-18745,Pamela Coakley,San Francisco,California,West,94122,Corporate
HL-15040,Hunter Lopez,Houston,Texas,Central,77095,Consumer
MS-17365,Maribeth Schnelling,Detroit,Michigan,Central,48227,Consumer
GB-14530,George Bell,Auburn,New York,East,13021,Corporate
JR-16210,Justin Ritter,Springfield,Ohio,East,45503,Corporate
BE-11335,Bill Eplett,Jackson,Michigan,Central,49201,Home Office
SC-20050,Sample Company A,Norwich,Connecticut,East,6360,Home Office
RW-19630,Rob Williams,Dallas,Texas,Central,75220,Corporate
SE-20110,Sanjit Engle,New York City,New York,East,10009,Consumer
AH-10075,Adam Hart,New York City,New York,East,10011,Corporate
JM-15535,Jessica Myrick,Philadelphia,Pennsylvania,East,19143,Consumer
JJ-15760,Joel Jenkins,Springfield,Virginia,South,22153,Home Office
RK-19300,Ralph Kennedy,Philadelphia,Pennsylvania,East,19140,Consumer
CG-12040,Catherine Glotzbach,Philadelphia,Pennsylvania,East,19120,Home Office
RP-19270,Rachel Payne,Riverside,California,West,92503,Corporate
KC-16255,Karen Carlisle,San Francisco,California,West,94110,Corporate
KH-16360,Katherine Hughes,Philadelphia,Pennsylvania,East,19143,Consumer
GH-14665,Greg Hansen,Round Rock,Texas,Central,78664,Consumer
SW-20275,Scott Williamson,Jackson,Mississippi,South,39212,Consumer
JA-15970,Joseph Airdo,Phoenix,Arizona,West,85023,Consumer
DL-12925,Daniel Lacy,Oceanside,California,West,92054,Consumer
LW-16990,Lindsay Williams,San Francisco,California,West,94110,Corporate
TB-21190,Thomas Brumley,Fayetteville,Arkansas,South,72701,Home Office
BS-11800,Bryan Spruell,New York City,New York,East,10011,Home Office
RW-19690,Robert Waldorf,Wilmington,North Carolina,South,28403,Consumer
TZ-21580,Tracy Zic,Louisville,Colorado,West,80027,Consumer
AS-10630,Ann Steele,Pasadena,Texas,Central,77506,Home Office
TS-21340,Toby Swindell,Houston,Texas,Central,77041,Consumer
SL-20155,Sara Luxemburg,Jacksonville,Florida,South,32216,Home Office
MW-18235,Mitch Willingham,Virginia Beach,Virginia,South,23464,Corporate
RD-19585,Rob Dowd,Henderson,Kentucky,South,42420,Consumer
RA-19945,Ryan Akin,Murrieta,California,West,92563,Consumer
MT-17815,Meg Tillman,Scottsdale,Arizona,West,85254,Consumer
VG-21790,Vivek Gonzalez,San Diego,California,West,92037,Consumer
JS-15880,John Stevenson,Seattle,Washington,West,98103,Consumer
KM-16225,Kalyca Meade,New York City,New York,East,10011,Corporate
HR-14770,Hallie Redmond,Los Angeles,California,West,90045,Home Office
DE-13255,Deanra Eno,Springfield,Ohio,East,45503,Home Office
AG-10390,Allen Goldenen,Cincinnati,Ohio,East,45231,Consumer
JJ-15445,Jennifer Jackson,Los Angeles,California,West,90004,Consumer
JH-15430,Jennifer Halladay,Burlington,North Carolina,South,27217,Consumer
RD-19660,Robert Dilbeck,Saint Peters,Missouri,Central,63376,Home Office
MO-17500,Mary O'Rourke,New York City,New York,East,10035,Consumer
NS-18640,Noel Staavos,Chicago,Illinois,Central,60610,Corporate
DG-13300,Deirdre Greer,Philadelphia,Pennsylvania,East,19134,Corporate
NF-18595,Nicole Fjeld,New York City,New York,East,10009,Home Office
MG-17650,Matthew Grinstein,Philadelphia,Pennsylvania,East,19143,Home Office
TS-21160,Theresa Swint,Toledo,Ohio,East,43615,Corporate
BD-11620,Brian DeCherney,San Francisco,California,West,94122,Consumer
CM-12160,Charles McCrossin,Brownsville,Texas,Central,78521,Consumer
SN-20560,Skye Norling,Los Angeles,California,West,90008,Home Office
EH-14005,Erica Hernandez,Denver,Colorado,West,80219,Home Office
FO-14305,Frank Olsen,New York City,New York,East,10035,Consumer
MS-17710,Maurice Satty,Mesa,Arizona,West,85204,Consumer
CC-12100,Chad Cunningham,Columbus,Indiana,Central,47201,Home Office
DW-13540,Don Weiss,Seattle,Washington,West,98105,Consumer
BT-11395,Bill Tyler,Detroit,Michigan,Central,48227,Corporate
CY-12745,Craig Yedwab,Oakland,California,West,94601,Corporate
BT-11485,Brad Thomas,Clinton,Maryland,East,20735,Home Office
PS-19045,Penelope Sewall,Charlotte,North Carolina,South,28205,Home Office
PV-18985,Paul Van Hugh,San Francisco,California,West,94122,Home Office
NM-18520,Neoma Murray,Riverside,California,West,92503,Consumer
DL-13495,Dionis Lloyd,San Francisco,California,West,94110,Corporate
CS-12355,Christine Sundaresam,Roswell,Georgia,South,30076,Consumer
FH-14275,Frank Hawley,La Porte,Indiana,Central,46350,Corporate
NC-18340,Nat Carroll,Lansing,Michigan,Central,48911,Consumer
AA-10315,Alex Avila,Minneapolis,Minnesota,Central,55407,Consumer
LT-16765,Larry Tron,Escondido,California,West,92025,Consumer
AP-10720,Anne Pryor,New York City,New York,East,10035,Home Office
PM-18940,Paul MacIntyre,Jackson,Michigan,Central,49201,Consumer
AT-10435,Alyssa Tate,Los Angeles,California,West,90004,Home Office
CA-12055,Cathy Armstrong,Houston,Texas,Central,77070,Home Office
HR-14830,Harold Ryan,Seattle,Washington,West,98103,Corporate
BT-11530,Bradley Talbott,Los Angeles,California,West,90036,Home Office
LH-16750,Larry Hughes,Charlotte,North Carolina,South,28205,Consumer
SW-20755,Steven Ward,New York City,New York,East,10009,Corporate
SP-20620,Stefania Perrino,Philadelphia,Pennsylvania,East,19134,Corporate
BF-11170,Ben Ferrer,Los Angeles,California,West,90036,Home Office
KT-16480,Kean Thornton,Buffalo,New York,East,14215,Consumer
BG-11695,Brooke Gillingham,Cincinnati,Ohio,East,45231,Corporate
GM-14680,Greg Matthias,Seattle,Washington,West,98105,Consumer
EJ-14155,Eva Jacobs,Gulfport,Mississippi,South,39503,Consumer
NP-18700,Nora Preis,Fresno,California,West,93727,Consumer
MH-18115,Mick Hernandez,Chester,Pennsylvania,East,19013,Home Office
JR-15700,Jocasta Rupert,Jacksonville,Florida,South,32216,Consumer
SM-20950,Suzanne McNair,Greenville,North Carolina,South,27834,Corporate
CC-12220,Chris Cortes,La Porte,Indiana,Central,46350,Consumer
PF-19225,Phillip Flathmann,San Francisco,California,West,94122,Consumer
DC-12850,Dan Campbell,Florence,Alabama,South,35630,Consumer
BD-11770,Bryan Davis,Houston,Texas,Central,77070,Consumer
GM-14500,Gene McClure,Providence,Rhode Island,East,2908,Consumer
TB-21355,Todd Boyes,New York City,New York,East,10009,Corporate
JH-16180,Justin Hirsh,Pueblo,Colorado,West,81001,Consumer
EB-13975,Erica Bern,Fairfield,California,West,94533,Corporate
QJ-19255,Quincy Jones,Saint Paul,Minnesota,Central,55106,Corporate
TC-21535,Tracy Collins,Arlington,Virginia,South,22204,Home Office
CS-12460,Chuck Sachs,Columbus,Georgia,South,31907,Consumer
HG-14965,Henry Goldwyn,Los Angeles,California,West,90032,Corporate
LW-16825,Laurel Workman,Deltona,Florida,South,32725,Corporate
MC-17575,Matt Collins,Cincinnati,Ohio,East,45231,Consumer
LP-17095,Liz Preis,Murray,Kentucky,South,42071,Consumer
EB-14170,Evan Bailliet,Wilmington,North Carolina,South,28403,Consumer
GZ-14545,George Zrebassa,Lawrence,Massachusetts,East,1841,Corporate
CP-12085,Cathy Prescott,Norwich,Connecticut,East,6360,Corporate
FG-14260,Frank Gastineau,San Francisco,California,West,94110,Home Office
LD-17005,Lisa DeCherney,San Francisco,California,West,94109,Consumer
AB-10255,Alejandro Ballentine,Lorain,Ohio,East,44052,Home Office
MN-17935,Michael Nguyen,Dallas,Texas,Central,75220,Consumer
JR-15670,Jim Radford,Middletown,Connecticut,East,6457,Consumer
JF-15190,Jamie Frazer,Los Angeles,California,West,90008,Consumer
CM-12115,Chad McGuire,New York City,New York,East,10011,Consumer
AS-10045,Aaron Smayling,Jacksonville,North Carolina,South,28540,Corporate
BP-11290,Beth Paige,Evanston,Illinois,Central,60201,Consumer
ND-18370,Natalie DeCherney,Louisville,Kentucky,South,40214,Consumer
LB-16735,Larry Blacks,Fort Worth,Texas,Central,76106,Consumer
KT-16465,Kean Takahito,Los Angeles,California,West,90049,Consumer
HM-14860,Harry Marie,Philadelphia,Pennsylvania,East,19120,Corporate
AB-10600,Ann Blume,Tucson,Arizona,West,85705,Corporate
SZ-20035,Sam Zeldin,Pico Rivera,California,West,90660,Home Office
MG-17890,Michael Granlund,Clinton,Maryland,East,20735,Home Office
JK-16120,Julie Kriz,Aurora,Illinois,Central,60505,Home Office
PP-18955,Paul Prost,Smyrna,Georgia,South,30080,Home Office
YS-21880,Yana Sorensen,Burlington,North Carolina,South,27217,Corporate
KM-16375,Katherine Murray,Salem,Virginia,South,24153,Home Office
AB-10105,Adrian Barton,Phoenix,Arizona,West,85023,Consumer
HA-14905,Helen Abelman,New York City,New York,East,10024,Consumer
BT-11305,Beth Thompson,Costa Mesa,California,West,92627,Home Office
SV-20815,Stuart Van,Houston,Texas,Central,77041,Corporate
RW-19540,Rick Wilson,Mesa,Arizona,West,85204,Corporate
DK-12835,Damala Kotsonis,Salinas,California,West,93905,Corporate
ST-20530,Shui Tom,Parma,Ohio,East,44134,Consumer
MM-17920,Michael Moore,San Francisco,California,West,94110,Consumer
PW-19030,Pauline Webber,Richmond,Kentucky,South,40475,Corporate
SC-20440,Shaun Chance,Aurora,Colorado,West,80013,Corporate
TS-21085,Thais Sissman,Phoenix,Arizona,West,85023,Consumer
MC-17425,Mark Cousins,Mobile,Alabama,South,36608,Corporate
ME-17320,Maria Etezadi,Columbus,Georgia,South,31907,Home Office
NH-18610,Nicole Hansen,Irving,Texas,Central,75061,Corporate
MB-18085,Mick Brown,Vineland,New Jersey,East,8360,Consumer
KD-16495,Keith Dawkins,New York City,New York,East,10009,Corporate
KN-16390,Katherine Nockton,Los Angeles,California,West,90004,Corporate
NP-18685,Nora Pelletier,Niagara Falls,New York,East,14304,Home Office
CS-12505,Cindy Stewart,Thomasville,North Carolina,South,27360,Consumer
MS-17770,Maxwell Schwartz,New York City,New York,East,10035,Consumer
CM-12655,Corinna Mitchell,Los Angeles,California,West,90008,Home Office
Co-12640,Corey-Lock,Philadelphia,Pennsylvania,East,19143,Consumer
TS-21370,Todd Sumrall,New York City,New York,East,10035,Corporate
JW-15220,Jane Waco,Vancouver,Washington,West,98661,Corporate
JD-15790,John Dryer,Coppell,Texas,Central,75019,Consumer
PC-19000,Pauline Chand,Los Angeles,California,West,90004,Home Office
AR-10540,Andy Reiter,New York City,New York,East,10024,Consumer
AI-10855,Arianne Irving,Philadelphia,Pennsylvania,East,19120,Consumer
TB-21400,Tom Boeckenhauer,Seattle,Washington,West,98105,Consumer
PL-18925,Paul Lucas,Chicago,Illinois,Central,60610,Home Office
GH-14425,Gary Hwang,Tucson,Arizona,West,85705,Consumer
MP-18175,Mike Pelletier,Laguna Niguel,California,West,92677,Home Office
JM-15655,Jim Mitchum,Bridgeton,New Jersey,East,8302,Corporate
CL-11890,Carl Ludwig,Everett,Massachusetts,East,2149,Consumer
DB-13270,Deborah Brumfield,San Diego,California,West,92024,Home Office
IG-15085,Ivan Gibson,San Diego,California,West,92024,Consumer
BO-11425,Bobby Odegard,Richmond,Kentucky,South,40475,Consumer
AB-10150,Aimee Bixby,Long Beach,New York,East,11561,Consumer
JW-16075,Julia West,Philadelphia,Pennsylvania,East,19140,Consumer
EB-13750,Edward Becker,Seattle,Washington,West,98103,Corporate
SG-20470,Sheri Gordon,New York City,New York,East,10011,Consumer
CM-12190,Charlotte Melton,Philadelphia,Pennsylvania,East,19134,Consumer
AW-10840,Anthony Witt,Allen,Texas,Central,75002,Consumer
MC-18100,Mick Crebagga,El Paso,Texas,Central,79907,Consumer
TT-21460,Tonja Turnell,Aurora,Illinois,Central,60505,Home Office
VG-21805,Vivek Grady,Virginia Beach,Virginia,South,23464,Corporate
MY-18295,Muhammed Yedwab,Grapevine,Texas,Central,76051,Corporate
RD-19480,Rick Duston,Olympia,Washington,West,98502,Consumer
DP-13390,Dennis Pardue,Peoria,Illinois,Central,61604,Home Office
ML-17395,Marina Lichtenstein,Los Angeles,California,West,90008,Corporate
JC-15385,Jenna Caffey,Kent,Washington,West,98031,Consumer
JG-15160,James Galang,Los Angeles,California,West,90049,Consumer
MC-17275,Marc Crier,Lafayette,Louisiana,South,70506,Consumer
NW-18400,Natalie Webber,Tigard,Oregon,West,97224,Consumer
TB-21280,Toby Braunhardt,Washington,District of Columbia,East,20016,Consumer
BS-11380,Bill Stewart,Skokie,Illinois,Central,60076,Corporate
HH-15010,Hilary Holden,San Francisco,California,West,94110,Corporate
CD-12280,Christina DeMoss,Seattle,Washington,West,98105,Consumer
TH-21100,Thea Hendricks,Los Angeles,California,West,90045,Consumer
MM-18055,Michelle Moray,Seattle,Washington,West,98115,Consumer
NS-18505,Neola Schneider,Dallas,Texas,Central,75217,Consumer
RB-19645,Robert Barroso,North Las Vegas,Nevada,West,89031,Corporate
SW-20455,Shaun Weien,Suffolk,Virginia,South,23434,Consumer
EB-13930,Eric Barreto,San Francisco,California,West,94110,Consumer
PS-18760,Pamela Stobb,Los Angeles,California,West,90008,Consumer
HF-14995,Herbert Flentye,Indianapolis,Indiana,Central,46203,Consumer
HZ-14950,Henia Zydlo,Columbus,Ohio,East,43229,Consumer
CD-12790,Cynthia Delaney,San Diego,California,West,92037,Home Office
JK-15205,Jamie Kunitz,San Francisco,California,West,94122,Consumer
FM-14215,Filia McAdams,Dublin,Ohio,East,43017,Corporate
ED-13885,Emily Ducich,San Diego,California,West,92037,Home Office
DA-13450,Dianna Arnett,Houston,Texas,Central,77095,Home Office
JW-15955,Joni Wasserman,Oakland,California,West,94601,Consumer
RM-19375,Raymond Messe,Houston,Texas,Central,77095,Consumer
ML-17755,Max Ludwig,Suffolk,Virginia,South,23434,Home Office
CC-12685,Craig Carroll,Greensboro,North Carolina,South,27405,Consumer
JE-15610,Jim Epp,Milwaukee,Wisconsin,Central,53209,Corporate
RP-19855,Roy Phan,Kenosha,Wisconsin,Central,53142,Corporate
TB-21175,Thomas Boland,Houston,Texas,Central,77041,Corporate
BE-11455,Brad Eason,Olathe,Kansas,Central,66062,Home Office
JF-15565,Jill Fjeld,Dallas,Texas,Central,75081,Consumer
PB-19210,Phillip Breyer,Tulsa,Oklahoma,Central,74133,Corporate
BT-11680,Brian Thompson,Newark,Ohio,East,43055,Consumer
JL-15235,Janet Lee,Chicago,Illinois,Central,60623,Consumer
CH-12070,Cathy Hwang,Raleigh,North Carolina,South,27604,Home Office
ND-18460,Neil Ducich,Macon,Georgia,South,31204,Corporate
BF-10975,Barbara Fisher,Charlotte,North Carolina,South,28205,Corporate
KH-16330,Katharine Harms,Bowling Green,Kentucky,South,42104,Corporate
GW-14605,Giulietta Weimer,Seattle,Washington,West,98115,Consumer
NC-18625,Noah Childs,Aurora,Colorado,West,80013,Corporate
ME-18010,Michelle Ellison,San Francisco,California,West,94122,Corporate
BP-11230,Benjamin Patterson,Spokane,Washington,West,99207,Consumer
JC-15775,John Castell,San Antonio,Texas,Central,78207,Consumer
AS-10090,Adam Shillingsburg,Charlottesville,Virginia,South,22901,Consumer
AC-10450,Amy Cox,Minneapolis,Minnesota,Central,55407,Consumer
MD-17860,Michael Dominguez,Indianapolis,Indiana,Central,46203,Corporate
DB-13660,Duane Benoit,Oceanside,New York,East,11572,Consumer
EH-13990,Erica Hackney,Roswell,Georgia,South,30076,Consumer
EH-13765,Edward Hooks,Watertown,New York,East,13601,Corporate
SC-20230,Scot Coram,Arlington,Texas,Central,76017,Corporate
JE-15715,Joe Elijah,Broomfield,Colorado,West,80020,Consumer
AC-10615,Ann Chong,New York City,New York,East,10009,Corporate
JD-16015,Joy Daniels,Chicago,Illinois,Central,60610,Consumer
CB-12415,Christy Brittain,Columbus,Ohio,East,43229,Consumer
JS-16030,Joy Smith,Houston,Texas,Central,77036,Consumer
LW-17215,Luke Weiss,Pasadena,California,West,91104,Consumer
SC-20800,Stuart Calhoun,Houston,Texas,Central,77041,Consumer
AM-10705,Anne McFarland,Auburn,Alabama,South,36830,Consumer
RH-19510,Rick Huthwaite,Providence,Rhode Island,East,2908,Home Office
CT-11995,Carol Triggs,Rochester,Minnesota,Central,55901,Consumer
MC-17590,Matt Collister,Perth Amboy,New Jersey,East,8861,Corporate
CC-12610,Corey Catlett,Philadelphia,Pennsylvania,East,19134,Corporate
KA-16525,Kelly Andreada,Ontario,California,West,91761,Consumer
TC-20980,Tamara Chand,Seattle,Washington,West,98105,Corporate
BF-11080,Bart Folk,Baltimore,Maryland,East,21215,Consumer
MM-17260,Magdelene Morse,Wilmington,Delaware,East,19805,Consumer
AH-10120,Adrian Hane,Tucson,Arizona,West,85705,Home Office
BW-11200,Ben Wallace,Boynton Beach,Florida,South,33437,Consumer
SW-20245,Scot Wooten,Stockton,California,West,95207,Consumer
BS-11665,Brian Stugart,Philadelphia,Pennsylvania,East,19143,Consumer
RF-19345,Randy Ferguson,Dover,New Hampshire,East,3820,Corporate
WB-21850,William Brown,Philadelphia,Pennsylvania,East,19134,Consumer
TB-21625,Trudy Brown,Grand Prairie,Texas,Central,75051,Consumer
AF-10870,Art Ferguson,College Station,Texas,Central,77840,Consumer
RB-19435,Richard Bierner,Saint Louis,Missouri,Central,63116,Consumer
KF-16285,Karen Ferguson,Manteca,California,West,95336,Home Office
JH-15820,John Huston,Kent,Ohio,East,44240,Consumer
IL-15100,Ivan Liston,San Francisco,California,West,94122,Consumer
PB-18805,Patrick Bzostek,Salt Lake City,Utah,West,84106,Home Office
RH-19600,Rob Haberlin,Huntsville,Alabama,South,35810,Consumer
AW-10930,Arthur Wiediger,Aurora,Illinois,Central,60505,Home Office
ML-17410,Maris LaWare,Fairfield,Connecticut,East,6824,Consumer
DB-13555,Dorothy Badders,Jacksonville,Florida,South,32216,Corporate
MH-17620,Matt Hagelstein,San Francisco,California,West,94110,Corporate
DK-13375,Dennis Kane,Marion,Ohio,East,43302,Consumer
BT-11440,Bobby Trafton,Littleton,Colorado,West,80122,Consumer
DB-13405,Denny Blanton,La Porte,Indiana,Central,46350,Consumer
TG-21310,Toby Gnade,Los Angeles,California,West,90049,Consumer
BF-11005,Barry Franz,Pasadena,California,West,91104,Home Office
JM-16195,Justin MacKendrick,Los Angeles,California,West,90004,Consumer
MZ-17335,Maria Zettner,San Diego,California,West,92024,Home Office
MW-18220,Mitch Webber,New York City,New York,East,10035,Consumer
MV-17485,Mark Van Huff,Arlington,Virginia,South,22204,Consumer
SM-20320,Sean Miller,Monroe,North Carolina,South,28110,Home Office
TP-21415,Tom Prescott,Seattle,Washington,West,98115,Consumer
JK-15625,Jim Karlsson,Seattle,Washington,West,98115,Consumer
PJ-18835,Patrick Jones,Murfreesboro,Tennessee,South,37130,Corporate
RS-19420,Ricardo Sperren,Seattle,Washington,West,98115,Corporate
SV-20935,Susan Vittorini,New York City,New York,East,10009,Consumer
BC-11125,Becky Castell,Peoria,Arizona,West,85345,Home Office
EM-13825,Elizabeth Moffitt,Sioux Falls,South Dakota,Central,57103,Corporate
BM-11575,Brendan Murry,New York City,New York,East,10035,Corporate
KN-16705,Kristina Nunn,Fort Collins,Colorado,West,80525,Home Office
KW-16570,Kelly Williams,Clarksville,Tennessee,South,37042,Consumer
SC-20260,Scott Cohen,San Francisco,California,West,94122,Corporate
CV-12295,Christina VanderZanden,Fresno,California,West,93727,Consumer
SG-20605,Speros Goranitis,New York City,New York,East,10009,Consumer
TM-21010,Tamara Manning,San Francisco,California,West,94122,Consumer
EM-13810,Eleni McCrary,Los Angeles,California,West,90036,Corporate
ML-18040,Michelle Lonsdale,Albuquerque,New Mexico,West,87105,Corporate
CR-12580,Clay Rozendal,Elmhurst,Illinois,Central,60126,Home Office
AZ-10750,Annie Zypern,New York City,New York,East,10009,Consumer
PW-19240,Pierre Wener,Louisville,Colorado,West,80027,Consumer
SC-20380,Shahid Collister,Seattle,Washington,West,98115,Consumer
CM-11935,Carlos Meador,Fayetteville,North Carolina,South,28314,Consumer
GM-14695,Greg Maxwell,Los Angeles,California,West,90036,Corporate
TB-21250,Tim Brockman,New York City,New York,East,10024,Consumer
JM-15865,John Murray,Jamestown,New York,East,14701,Consumer
SC-20575,Sonia Cooley,Mishawaka,Indiana,Central,46544,Consumer
LS-17200,Luke Schmidt,Skokie,Illinois,Central,60076,Corporate
RR-19315,Ralph Ritter,San Francisco,California,West,94110,Consumer
DB-12910,Daniel Byrd,Tampa,Florida,South,33614,Home Office
TT-21220,Thomas Thornton,Houston,Texas,Central,77041,Consumer
LO-17170,Lori Olson,La Quinta,California,West,92253,Corporate
KD-16615,Ken Dana,Scottsdale,Arizona,West,85254,Corporate
NB-18580,Nicole Brennan,Philadelphia,Pennsylvania,East,19134,Corporate
BD-11635,Brian Derr,Bowling Green,Kentucky,South,42104,Consumer
CM-12235,Chris McAfee,Carrollton,Texas,Central,75007,Consumer
EN-13780,Edward Nazzal,New York City,New York,East,10035,Consumer
KN-16450,Kean Nguyen,Jacksonville,Florida,South,32216,Corporate
BO-11350,Bill Overfelt,Los Angeles,California,West,90045,Corporate
AG-10300,Aleksandra Gannaway,Los Angeles,California,West,90049,Corporate
MC-17635,Matthew Clasen,Saint Louis,Missouri,Central,63116,Corporate
TA-21385,Tom Ashbrook,New York City,New York,East,10024,Home Office
JF-15295,Jason Fortune-,Seattle,Washington,West,98103,Consumer
TT-21265,Tim Taslimi,Los Angeles,California,West,90045,Corporate
SB-20170,Sarah Bern,New York City,New York,East,10035,Consumer
CL-12700,Craig Leslie,Springfield,Missouri,Central,65807,Home Office
HG-15025,Hunter Glantz,Amarillo,Texas,Central,79109,Consumer
NL-18310,Nancy Lomonaco,Los Angeles,California,West,90045,Home Office
RR-19525,Rick Reed,Lowell,Massachusetts,East,1852,Corporate
TC-21295,Toby Carlisle,San Diego,California,West,92024,Consumer
SV-20785,Stewart Visinsky,Pueblo,Colorado,West,81001,Consumer
BE-11410,Bobby Elias,Lancaster,Ohio,East,43130,Consumer
SC-20680,Steve Carroll,Columbus,Georgia,South,31907,Home Office
DF-13135,David Flashing,Vallejo,California,West,94591,Consumer
FH-14350,Fred Harton,Seattle,Washington,West,98105,Consumer
MS-17530,MaryBeth Skach,San Diego,California,West,92037,Consumer
RH-19555,Ritsa Hightower,Tallahassee,Florida,South,32303,Consumer
GA-14515,George Ashbrook,San Francisco,California,West,94122,Consumer
JP-16135,Julie Prescott,Columbus,Georgia,South,31907,Home Office
Dp-13240,Dean percer,Murray,Utah,West,84107,Home Office
MO-17950,Michael Oakman,Dallas,Texas,Central,75220,Consumer
DL-13330,Denise Leinenbach,Las Cruces,New Mexico,West,88001,Consumer
MH-18025,Michelle Huthwaite,Seattle,Washington,West,98115,Consumer
DR-12940,Daniel Raglin,Franklin,Massachusetts,East,2038,Home Office
DM-13015,Darrin Martin,Encinitas,California,West,92024,Consumer
CA-11965,Carol Adams,Hoover,Alabama,South,35244,Corporate
AC-10660,Anna Chung,Huntsville,Texas,Central,77340,Consumer
DM-13345,Denise Monton,Roswell,Georgia,South,30076,Corporate
VF-21715,Vicky Freymann,Columbus,Indiana,Central,47201,Home Office
CC-12370,Christopher Conant,Fayetteville,North Carolina,South,28314,Consumer
BF-11275,Beth Fritzler,Tucson,Arizona,West,85705,Corporate
HG-14845,Harry Greene,Lake Charles,Louisiana,South,70601,Consumer
BP-11155,Becky Pak,Columbus,Georgia,South,31907,Consumer
EM-14140,Eugene Moren,Glendale,Arizona,West,85301,Home Office
MA-17995,Michelle Arnett,Watertown,New York,East,13601,Home Office
AY-10555,Andy Yotov,Oceanside,California,West,92054,Corporate
GB-14575,Giulietta Baptist,Philadelphia,Pennsylvania,East,19134,Consumer
JB-16045,Julia Barnett,Columbus,Georgia,South,31907,Home Office
MG-17875,Michael Grace,New York City,New York,East,10011,Home Office
SR-20425,Sharelle Roach,Louisville,Colorado,West,80027,Home Office
JB-16000,Joy Bell-,Brownsville,Texas,Central,78521,Consumer
DM-12955,Dario Medina,Lincoln Park,Michigan,Central,48146,Corporate
TC-21475,Tony Chapman,Columbus,Georgia,South,31907,Home Office
SW-20350,Sean Wendt,Detroit,Michigan,Central,48227,Home Office
RE-19450,Richard Eichhorn,Dallas,Texas,Central,75081,Consumer
BF-11215,Benjamin Farhat,Albuquerque,New Mexico,West,87105,Home Office
KB-16405,Katrina Bavinger,Apple Valley,California,West,92307,Home Office
JG-15310,Jason Gross,Providence,Rhode Island,East,2908,Corporate
EC-14050,Erin Creighton,New York City,New York,East,10024,Consumer
EB-14110,Eugene Barchas,Philadelphia,Pennsylvania,East,19134,Consumer
JP-15460,Jennifer Patt,Oceanside,New York,East,11572,Corporate
CS-11845,Cari Sayre,Seattle,Washington,West,98105,Corporate
GH-14410,Gary Hansen,Glendale,Arizona,West,85301,Home Office
PT-19090,Pete Takahito,Houston,Texas,Central,77070,Consumer
JL-15130,Jack Lebron,Houston,Texas,Central,77036,Consumer
AH-10030,Aaron Hawkins,Philadelphia,Pennsylvania,East,19134,Corporate
CC-12475,Cindy Chapman,New York City,New York,East,10024,Consumer
DW-13195,David Wiener,Houston,Texas,Central,77095,Corporate
SJ-20215,Sarah Jordon,Grand Prairie,Texas,Central,75051,Consumer
BG-11740,Bruce Geld,Philadelphia,Pennsylvania,East,19120,Consumer
LB-16795,Laurel Beltran,Highland Park,Illinois,Central,60035,Home Office
CM-11815,Candace McMahon,Pasadena,Texas,Central,77506,Corporate
EH-14185,Evan Henry,Decatur,Alabama,South,35601,Consumer
TS-21505,Tony Sayre,Columbia,Tennessee,South,38401,Consumer
PR-18880,Patrick Ryan,Oakland,California,West,94601,Consumer
LC-17050,Liz Carlisle,Mission Viejo,California,West,92691,Consumer
CS-12490,Cindy Schnelling,Conroe,Texas,Central,77301,Corporate
DH-13075,Dave Hallsten,Richmond,Kentucky,South,40475,Corporate
JO-15145,Jack O'Briant,Philadelphia,Pennsylvania,East,19140,Corporate
AH-10690,Anna Häberlin,New York City,New York,East,10024,Corporate
HJ-14875,Heather Jas,Jacksonville,Florida,South,32216,Home Office
MH-17455,Mark Hamilton,Jacksonville,North Carolina,South,28540,Consumer
RD-19930,Russell D'Ascenzo,Austin,Texas,Central,78745,Consumer
SC-20020,Sam Craven,Plano,Texas,Central,75023,Consumer
SU-20665,Stephanie Ulpright,Jackson,Mississippi,South,39212,Home Office
FC-14335,Fred Chung,Mesquite,Texas,Central,75150,Corporate
RB-19330,Randy Bradley,Philadelphia,Pennsylvania,East,19143,Consumer
NC-18535,Nick Crebassa,Dallas,Texas,Central,75217,Corporate
DB-12970,Darren Budd,Los Angeles,California,West,90004,Corporate
MF-17665,Maureen Fritzler,Toledo,Ohio,East,43615,Corporate
RM-19750,Roland Murray,New York City,New York,East,10011,Consumer
VM-21835,Vivian Mathis,Newark,Delaware,East,19711,Consumer
EJ-13720,Ed Jacobs,San Diego,California,West,92037,Consumer
NC-18415,Nathan Cano,Jacksonville,North Carolina,South,28540,Consumer
LS-17230,Lycoris Saunders,Dover,Delaware,East,19901,Consumer
KE-16420,Katrina Edelman,Bristol,Tennessee,South,37620,Corporate
DH-13675,Duane Huffman,Quincy,Massachusetts,East,2169,Home Office
PF-19120,Peter Fuller,Gilbert,Arizona,West,85234,Consumer
VT-21700,Valerie Takahito,Philadelphia,Pennsylvania,East,19143,Home Office
MG-17695,Maureen Gnade,Buffalo,New York,East,14215,Consumer
SP-20920,Susan Pistek,Los Angeles,California,West,90036,Consumer
CS-12175,Charles Sheldon,Columbia,Tennessee,South,38401,Corporate
DK-12895,Dana Kaydos,Kenosha,Wisconsin,Central,53142,Consumer
KM-16660,Khloe Miller,Roswell,Georgia,South,30076,Consumer
AA-10645,Anna Andreadi,Chester,Pennsylvania,East,19013,Consumer
DD-13570,Dorothy Dickinson,Houston,Texas,Central,77041,Consumer
AH-10465,Amy Hunt,New York City,New York,East,10035,Consumer
TP-21565,Tracy Poddar,Aurora,Colorado,West,80013,Corporate
EK-13795,Eileen Kiefer,Santa Ana,California,West,92704,Home Office
CR-12820,Cyra Reiten,New York City,New York,East,10035,Home Office
SG-20890,Susan Gilcrest,Mcallen,Texas,Central,78501,Corporate
AH-10585,Angele Hood,Chicago,Illinois,Central,60623,Consumer
NF-18475,Neil Französisch,Rockford,Illinois,Central,61107,Home Office
BS-11365,Bill Shonely,New York City,New York,East,10011,Corporate
SH-20635,Stefanie Holloman,Jackson,Tennessee,South,38301,Corporate
RD-19720,Roger Demir,Daytona Beach,Florida,South,32114,Consumer
AG-10330,Alex Grayson,Stockton,California,West,95207,Consumer
GR-14560,Georgia Rosenberg,San Francisco,California,West,94110,Corporate
VS-21820,Vivek Sundaresam,Los Angeles,California,West,90036,Consumer
TM-21490,Tony Molinari,Oklahoma City,Oklahoma,Central,73120,Consumer
TS-21430,Tom Stivers,Los Angeles,California,West,90045,Corporate
DB-13360,Dennis Bolton,New York City,New York,East,10009,Home Office
NR-18550,Nick Radford,Aurora,Illinois,Central,60505,Consumer
CS-11860,Cari Schnelling,Jacksonville,North Carolina,South,28540,Consumer
MF-18250,Monica Federle,Los Angeles,California,West,90036,Corporate
LW-17125,Liz Willingham,Norwich,Connecticut,East,6360,Consumer
AR-10345,Alex Russell,Lawrence,Massachusetts,East,1841,Corporate
KS-16300,Karen Seio,Lehi,Utah,West,84043,Corporate
AB-10015,Aaron Bergman,Seattle,Washington,West,98103,Consumer
LR-17035,Lisa Ryan,Philadelphia,Pennsylvania,East,19134,Corporate
SS-20410,Shahid Shariari,Los Angeles,California,West,90008,Consumer
JM-15580,Jill Matthias,Monroe,North Carolina,South,28110,Consumer
JK-15325,Jason Klamczynski,Dallas,Texas,Central,75220,Corporate
DM-13525,Don Miller,Houston,Texas,Central,77070,Corporate
ML-18265,Muhammed Lee,Seattle,Washington,West,98103,Consumer
MH-17290,Marc Harrigan,Los Angeles,California,West,90036,Home Office
FC-14245,Frank Carlisle,Lakewood,Ohio,East,44107,Home Office
TH-21115,Thea Hudgings,Philadelphia,Pennsylvania,East,19140,Corporate
JK-16090,Juliana Krohn,Omaha,Nebraska,Central,68104,Consumer
SB-20185,Sarah Brown,Concord,New Hampshire,East,3301,Consumer
BG-11035,Barry Gonzalez,Monroe,Louisiana,South,71203,Consumer
BW-11065,Barry Weirich,Raleigh,North Carolina,South,27604,Consumer
MG-18205,Mitch Gastineau,Jacksonville,Florida,South,32216,Corporate
DO-13645,Doug O'Connell,Los Angeles,California,West,90036,Consumer
BP-11050,Barry Pond,Cranston,Rhode Island,East,2920,Corporate
TS-21655,Trudy Schmidt,Milwaukee,Wisconsin,Central,53209,Consumer
EM-14200,Evan Minnotte,Virginia Beach,Virginia,South,23464,Home Office
AO-10810,Anthony O'Donnell,Los Angeles,California,West,90045,Corporate
MH-17440,Mark Haberlin,New York City,New York,East,10035,Corporate
SS-20515,Shirley Schmidt,Louisville,Kentucky,South,40214,Home Office
LD-16855,Lela Donovan,Chicago,Illinois,Central,60653,Corporate
VP-21760,Victoria Pisteka,San Francisco,California,West,94109,Corporate
TC-21145,Theresa Coyne,Lakewood,New Jersey,East,8701,Corporate
IM-15055,Ionia McGrath,Roseville,California,West,95661,Consumer
AR-10570,Anemone Ratner,Columbus,Georgia,South,31907,Consumer
CM-12715,Craig Molinari,Huntsville,Texas,Central,77340,Corporate
FW-14395,Fred Wasserman,Huntsville,Alabama,South,35810,Corporate
LC-16960,Lindsay Castell,Arlington,Virginia,South,22204,Home Office
HE-14800,Harold Engle,Chicago,Illinois,Central,60623,Corporate
BD-11560,Brendan Dodson,Fresno,California,West,93727,Home Office
HD-14785,Harold Dahlen,Philadelphia,Pennsylvania,East,19143,Home Office
CJ-11875,Carl Jackson,Philadelphia,Pennsylvania,East,19140,Corporate
RS-19870,Roy Skaria,Burlington,Iowa,Central,52601,Home Office
SC-20845,Sung Chung,Arlington Heights,Illinois,Central,60004,Consumer
RE-19405,Ricardo Emerson,Kent,Ohio,East,44240,Consumer
SM-20905,Susan MacKendrick,Newark,Ohio,East,43055,Consumer
